radius,radial_power
0,38.3898846569668
1,33.708273056910905
2,32.32085677062656
3,31.32678296641951
4,30.8095293405885
5,29.888007618670542
6,29.35780300279853
7,28.755634112411474
8,27.46164463675789
9,27.00033267202901
10,26.63496048523587
11,26.448121462133418
12,26.090582562367832
13,25.45346316534388
14,24.88191930679377
15,24.760941566166718
16,24.95443161095557
17,24.37437621608506
18,24.114830848090538
19,23.309551996636536
20,23.227107990556007
21,23.054790309507766
22,23.218425365176277
23,23.00803123820702
24,22.570794439329624
25,22.037060725033452
26,21.83622073222999
27,22.148395708345202
28,22.121291383881868
29,21.912002830769282
30,21.69294666642998
31,21.585149969126913
